Time (mins),Supernatant rep 1,Supernatant rep 2,Supernatant rep 3,Supernatant rep 4,Supernatant + 0.2mg/l dox rep 1,Supernatant + 0.2mg/l dox rep 2,Supernatant + 0.2mg/l dox rep 3,Supernatant + 0.2mg/l dox rep 4,Supernatant + glucose rep 1,Supernatant + glucose rep 2,Supernatant + glucose rep 3,Supernatant + glucose rep 4,Supernatant + glucose + 0.2mg/l dox rep 1,Supernatant + glucose + 0.2mg/l dox rep 2,Supernatant + glucose + 0.2mg/l dox rep 3,Supernatant + glucose + 0.2mg/l dox rep 4
20,0.001,0.000,0.001,0.001,0.001,-0.003,0.001,0.000,0.000,0.001,0.001,-0.002,0.001,0.000,-0.003,0.001
40,0.002,0.001,0.001,0.002,0.001,-0.005,0.001,0.001,0.001,0.001,0.002,-0.001,0.002,0.001,-0.003,0.002
60,0.003,0.002,0.002,0.002,0.001,-0.008,-0.002,0.001,0.002,0.003,0.003,-0.002,0.002,0.002,-0.002,0.003
80,0.004,0.002,0.002,0.003,0.002,-0.003,0.000,0.002,0.004,0.004,0.004,-0.001,0.003,0.003,-0.001,0.004
100,0.004,0.002,0.003,0.003,0.003,-0.002,0.003,0.003,0.006,0.006,0.006,0.003,0.005,0.005,0.000,0.006
120,0.005,0.003,0.003,0.004,0.005,-0.002,0.002,0.005,0.008,0.009,0.009,0.006,0.007,0.007,0.003,0.008
140,0.004,0.003,0.003,0.004,0.006,-0.001,0.003,0.006,0.010,0.011,0.012,0.008,0.009,0.010,0.004,0.010
160,0.006,0.004,0.004,0.004,0.007,-0.001,0.004,0.007,0.013,0.014,0.015,0.011,0.012,0.012,0.007,0.013
180,0.006,0.005,0.004,0.005,0.008,-0.001,0.004,0.008,0.017,0.018,0.019,0.014,0.015,0.014,0.009,0.015
200,0.007,0.005,0.005,0.005,0.008,0.002,0.007,0.009,0.020,0.022,0.023,0.018,0.017,0.017,0.012,0.018
220,0.007,0.006,0.005,0.006,0.009,0.005,0.009,0.010,0.024,0.025,0.026,0.022,0.020,0.020,0.014,0.021
240,0.007,0.006,0.005,0.006,0.011,0.004,0.007,0.011,0.028,0.030,0.031,0.027,0.023,0.023,0.017,0.025
260,0.009,0.006,0.006,0.006,0.011,0.006,0.010,0.012,0.032,0.035,0.035,0.031,0.026,0.026,0.021,0.029
280,0.009,0.007,0.006,0.007,0.013,0.006,0.010,0.013,0.037,0.039,0.040,0.036,0.031,0.031,0.025,0.034
300,0.009,0.007,0.007,0.007,0.014,0.009,0.011,0.015,0.043,0.046,0.047,0.043,0.036,0.035,0.030,0.039
320,0.007,0.008,0.007,0.008,0.014,0.008,0.011,0.015,0.048,0.051,0.053,0.049,0.041,0.040,0.034,0.044
340,0.009,0.008,0.007,0.008,0.015,0.009,0.012,0.016,0.055,0.058,0.059,0.055,0.045,0.045,0.040,0.050
360,0.011,0.008,0.008,0.009,0.015,0.007,0.012,0.016,0.061,0.065,0.066,0.062,0.051,0.051,0.045,0.056
380,0.010,0.009,0.009,0.009,0.016,0.008,0.012,0.017,0.068,0.071,0.072,0.068,0.057,0.057,0.050,0.062
400,0.011,0.009,0.009,0.009,0.017,0.008,0.011,0.017,0.074,0.078,0.079,0.076,0.065,0.064,0.058,0.071
420,0.011,0.010,0.009,0.010,0.017,0.008,0.012,0.018,0.080,0.084,0.085,0.082,0.071,0.071,0.064,0.077
440,0.011,0.010,0.010,0.010,0.017,0.009,0.012,0.018,0.085,0.089,0.090,0.088,0.079,0.078,0.071,0.085
460,0.014,0.012,0.010,0.011,0.018,0.009,0.015,0.018,0.088,0.093,0.094,0.090,0.084,0.084,0.077,0.090
480,0.014,0.012,0.011,0.011,0.018,0.010,0.015,0.019,0.094,0.098,0.099,0.096,0.089,0.089,0.083,0.097
500,0.014,0.012,0.011,0.012,0.019,0.010,0.015,0.019,0.098,0.102,0.103,0.100,0.095,0.094,0.086,0.101
520,0.014,0.014,0.012,0.013,0.019,0.011,0.015,0.020,0.102,0.107,0.107,0.104,0.100,0.099,0.090,0.106
540,0.015,0.015,0.012,0.014,0.020,0.010,0.014,0.021,0.106,0.110,0.111,0.108,0.105,0.104,0.096,0.111
560,0.015,0.014,0.013,0.014,0.021,0.010,0.014,0.022,0.110,0.115,0.116,0.112,0.110,0.109,0.101,0.116
580,0.016,0.023,0.014,0.015,0.022,0.010,0.015,0.023,0.114,0.119,0.120,0.117,0.114,0.113,0.105,0.121
600,0.016,0.027,0.014,0.015,0.023,0.014,0.017,0.023,0.117,0.123,0.124,0.119,0.117,0.117,0.108,0.124
620,0.018,0.017,0.015,0.016,0.023,0.015,0.018,0.025,0.121,0.127,0.127,0.123,0.122,0.121,0.112,0.129
640,0.017,0.019,0.016,0.017,0.024,0.014,0.018,0.025,0.125,0.131,0.131,0.126,0.126,0.125,0.117,0.133
660,0.021,0.018,0.016,0.017,0.025,0.016,0.022,0.026,0.129,0.135,0.136,0.130,0.130,0.129,0.120,0.137
680,0.019,0.019,0.017,0.018,0.026,0.016,0.020,0.027,0.133,0.138,0.139,0.135,0.136,0.134,0.126,0.142
700,0.019,0.020,0.019,0.019,0.027,0.016,0.019,0.028,0.136,0.142,0.143,0.139,0.140,0.139,0.130,0.147
720,0.021,0.020,0.018,0.019,0.027,0.019,0.023,0.029,0.140,0.145,0.147,0.141,0.144,0.143,0.133,0.150
740,0.021,0.022,0.018,0.020,0.028,0.018,0.023,0.030,0.143,0.149,0.150,0.143,0.147,0.145,0.136,0.154
760,0.021,0.021,0.019,0.020,0.028,0.021,0.027,0.030,0.146,0.152,0.153,0.146,0.151,0.149,0.140,0.157
780,0.022,0.022,0.020,0.020,0.029,0.020,0.023,0.031,0.149,0.155,0.156,0.149,0.155,0.153,0.143,0.161
800,0.021,0.022,0.020,0.022,0.030,0.020,0.024,0.032,0.153,0.158,0.161,0.152,0.160,0.158,0.147,0.166
820,0.022,0.025,0.020,0.022,0.030,0.023,0.027,0.033,0.155,0.161,0.163,0.156,0.164,0.162,0.151,0.169
840,0.023,0.023,0.021,0.022,0.031,0.023,0.027,0.034,0.157,0.164,0.166,0.157,0.168,0.165,0.154,0.178
860,0.023,0.027,0.022,0.022,0.031,0.023,0.029,0.034,0.161,0.167,0.169,0.160,0.171,0.168,0.157,0.176
880,0.024,0.039,0.021,0.022,0.032,0.022,0.025,0.035,0.162,0.169,0.171,0.162,0.176,0.173,0.160,0.179
900,0.024,0.024,0.022,0.026,0.033,0.022,0.025,0.036,0.166,0.173,0.176,0.168,0.178,0.177,0.163,0.184
920,0.023,0.025,0.022,0.022,0.034,0.023,0.027,0.037,0.168,0.175,0.177,0.170,0.181,0.179,0.165,0.186
940,0.024,0.033,0.022,0.023,0.035,0.024,0.029,0.037,0.172,0.178,0.182,0.171,0.186,0.183,0.170,0.190
960,0.025,0.026,0.023,0.023,0.035,0.025,0.030,0.038,0.173,0.181,0.184,0.174,0.188,0.187,0.173,0.193
980,0.025,0.026,0.022,0.024,0.036,0.026,0.031,0.039,0.176,0.183,0.187,0.178,0.192,0.191,0.176,0.201
1000,0.026,0.026,0.023,0.024,0.036,0.026,0.032,0.040,0.179,0.187,0.188,0.177,0.196,0.193,0.179,0.202
1020,0.024,0.026,0.023,0.025,0.037,0.029,0.034,0.041,0.181,0.189,0.192,0.183,0.199,0.196,0.182,0.204
1040,0.025,0.026,0.024,0.024,0.038,0.030,0.035,0.042,0.183,0.192,0.196,0.185,0.202,0.199,0.187,0.207
1060,0.026,0.027,0.024,0.024,0.039,0.027,0.031,0.043,0.187,0.193,0.199,0.189,0.206,0.203,0.187,0.210
1080,0.026,0.027,0.023,0.024,0.039,0.029,0.033,0.043,0.190,0.197,0.201,0.189,0.208,0.206,0.190,0.212
1100,0.025,0.028,0.024,0.024,0.040,0.030,0.034,0.044,0.192,0.199,0.203,0.191,0.211,0.208,0.193,0.215
1120,0.027,0.032,0.024,0.025,0.041,0.031,0.036,0.044,0.195,0.201,0.205,0.194,0.213,0.210,0.195,0.218
1140,0.027,0.028,0.024,0.025,0.041,0.030,0.037,0.045,0.196,0.204,0.208,0.196,0.216,0.213,0.197,0.223
1160,0.027,0.029,0.024,0.025,0.042,0.034,0.039,0.045,0.200,0.207,0.211,0.197,0.219,0.217,0.198,0.225
1180,0.027,0.028,0.024,0.025,0.043,0.032,0.037,0.046,0.201,0.210,0.213,0.202,0.222,0.219,0.201,0.227
1200,0.028,0.030,0.026,0.025,0.044,0.033,0.037,0.047,0.205,0.214,0.215,0.204,0.226,0.224,0.205,0.231
1220,0.027,0.032,0.024,0.026,0.044,0.032,0.036,0.048,0.206,0.214,0.218,0.204,0.229,0.226,0.208,0.232
1240,0.026,0.028,0.025,0.026,0.045,0.035,0.041,0.048,0.209,0.216,0.220,0.206,0.232,0.230,0.211,0.237
1260,0.028,0.029,0.025,0.026,0.046,0.035,0.039,0.049,0.211,0.218,0.221,0.207,0.234,0.230,0.212,0.237
1280,0.028,0.030,0.025,0.026,0.046,0.036,0.042,0.049,0.212,0.221,0.224,0.210,0.237,0.234,0.215,0.241
1300,0.027,0.029,0.025,0.026,0.047,0.037,0.042,0.050,0.214,0.223,0.226,0.212,0.240,0.236,0.217,0.244
1320,0.029,0.029,0.025,0.027,0.047,0.036,0.041,0.051,0.217,0.224,0.228,0.214,0.242,0.239,0.219,0.246
1340,0.027,0.030,0.026,0.027,0.048,0.035,0.040,0.051,0.220,0.227,0.230,0.215,0.245,0.242,0.222,0.249
1360,0.027,0.030,0.026,0.026,0.049,0.037,0.043,0.052,0.221,0.228,0.231,0.217,0.249,0.244,0.223,0.250
1380,0.028,0.032,0.026,0.026,0.049,0.037,0.042,0.052,0.223,0.229,0.234,0.217,0.251,0.248,0.225,0.253
1400,0.028,0.031,0.026,0.027,0.050,0.038,0.042,0.053,0.227,0.231,0.234,0.217,0.253,0.249,0.226,0.255
1420,0.028,0.030,0.026,0.026,0.050,0.040,0.045,0.053,0.227,0.233,0.237,0.219,0.255,0.251,0.227,0.256
1440,0.029,0.030,0.028,0.027,0.050,0.040,0.045,0.053,0.226,0.233,0.237,0.220,0.256,0.253,0.229,0.258
1460,0.030,0.030,0.027,0.028,0.051,0.039,0.045,0.054,0.227,0.233,0.237,0.219,0.259,0.255,0.232,0.260
1480,0.029,0.031,0.027,0.027,0.051,0.039,0.044,0.055,0.228,0.235,0.239,0.219,0.261,0.257,0.233,0.260
1500,0.029,0.031,0.027,0.027,0.052,0.041,0.046,0.055,0.228,0.235,0.239,0.220,0.263,0.259,0.234,0.263
1520,0.029,0.032,0.027,0.027,0.052,0.040,0.044,0.056,0.229,0.235,0.239,0.220,0.264,0.260,0.235,0.262
1540,0.031,0.031,0.027,0.027,0.053,0.040,0.045,0.056,0.229,0.236,0.240,0.221,0.265,0.260,0.234,0.263
1560,0.029,0.031,0.026,0.027,0.053,0.041,0.048,0.056,0.229,0.236,0.241,0.221,0.266,0.260,0.234,0.263
1580,0.030,0.031,0.028,0.027,0.054,0.041,0.047,0.057,0.230,0.237,0.241,0.221,0.266,0.261,0.236,0.263
1600,0.030,0.031,0.027,0.027,0.054,0.042,0.046,0.058,0.230,0.237,0.242,0.221,0.267,0.262,0.235,0.263
1620,0.029,0.033,0.027,0.027,0.054,0.043,0.048,0.058,0.230,0.237,0.241,0.220,0.267,0.262,0.236,0.264
1640,0.029,0.031,0.027,0.028,0.055,0.043,0.048,0.058,0.231,0.237,0.241,0.219,0.268,0.262,0.237,0.263
1660,0.031,0.034,0.027,0.028,0.055,0.044,0.050,0.059,0.232,0.238,0.242,0.220,0.267,0.262,0.235,0.263
1680,0.031,0.034,0.029,0.028,0.056,0.044,0.049,0.059,0.231,0.237,0.241,0.220,0.267,0.261,0.234,0.263
1700,0.029,0.032,0.027,0.028,0.056,0.044,0.050,0.060,0.231,0.236,0.239,0.219,0.267,0.261,0.237,0.263
1720,0.029,0.031,0.027,0.027,0.056,0.043,0.047,0.060,0.230,0.235,0.238,0.217,0.267,0.261,0.237,0.263
1740,0.029,0.032,0.028,0.028,0.057,0.045,0.049,0.061,0.231,0.236,0.239,0.219,0.267,0.261,0.237,0.263
1760,0.031,0.033,0.028,0.028,0.057,0.044,0.049,0.061,0.230,0.235,0.239,0.218,0.266,0.260,0.237,0.263
1780,0.032,0.032,0.027,0.027,0.057,0.045,0.051,0.061,0.229,0.235,0.239,0.218,0.266,0.261,0.239,0.263
1800,0.030,0.036,0.028,0.028,0.058,0.045,0.050,0.062,0.230,0.236,0.239,0.218,0.266,0.261,0.240,0.263
1820,0.029,0.033,0.031,0.028,0.058,0.046,0.050,0.062,0.229,0.235,0.238,0.217,0.266,0.261,0.239,0.263
1840,0.031,0.032,0.033,0.028,0.058,0.047,0.052,0.063,0.230,0.235,0.239,0.216,0.266,0.262,0.241,0.263
1860,0.031,0.032,0.028,0.028,0.058,0.047,0.052,0.062,0.231,0.236,0.239,0.217,0.266,0.261,0.240,0.263
1880,0.031,0.032,0.027,0.027,0.058,0.045,0.049,0.063,0.230,0.235,0.240,0.219,0.266,0.261,0.237,0.263
1900,0.030,0.034,0.028,0.028,0.058,0.045,0.049,0.062,0.231,0.235,0.239,0.218,0.266,0.261,0.241,0.263
1920,0.029,0.032,0.028,0.028,0.058,0.048,0.052,0.062,0.230,0.235,0.239,0.217,0.266,0.261,0.239,0.263
1940,0.031,0.032,0.028,0.028,0.058,0.045,0.050,0.062,0.230,0.235,0.239,0.216,0.267,0.262,0.240,0.263
1960,0.031,0.033,0.028,0.029,0.058,0.046,0.051,0.062,0.230,0.235,0.239,0.216,0.267,0.261,0.240,0.262
1980,0.034,0.033,0.029,0.028,0.057,0.047,0.052,0.062,0.231,0.236,0.240,0.217,0.266,0.261,0.238,0.264
2000,0.031,0.032,0.028,0.030,0.058,0.045,0.050,0.062,0.231,0.235,0.240,0.216,0.266,0.261,0.239,0.263
2020,0.031,0.033,0.028,0.029,0.057,0.046,0.049,0.062,0.230,0.235,0.240,0.216,0.266,0.260,0.240,0.263
2040,0.032,0.035,0.028,0.029,0.058,0.046,0.049,0.062,0.230,0.235,0.240,0.216,0.267,0.262,0.239,0.264
2060,0.031,0.033,0.028,0.028,0.058,0.045,0.048,0.062,0.230,0.235,0.240,0.215,0.267,0.261,0.237,0.264
2080,0.031,0.033,0.031,0.028,0.058,0.045,0.049,0.062,0.230,0.235,0.240,0.216,0.267,0.261,0.238,0.263
2100,0.033,0.032,0.028,0.028,0.057,0.047,0.051,0.061,0.230,0.235,0.241,0.215,0.266,0.261,0.240,0.264
2120,0.031,0.033,0.029,0.028,0.058,0.047,0.050,0.062,0.231,0.235,0.241,0.216,0.266,0.260,0.238,0.263
2140,0.032,0.033,0.030,0.029,0.058,0.046,0.050,0.062,0.230,0.235,0.242,0.216,0.266,0.261,0.237,0.264
2160,0.031,0.034,0.028,0.030,0.058,0.046,0.049,0.062,0.231,0.235,0.241,0.215,0.267,0.261,0.238,0.263
2180,0.030,0.032,0.028,0.028,0.057,0.045,0.048,0.061,0.230,0.234,0.241,0.214,0.266,0.261,0.237,0.263
2200,0.035,0.033,0.028,0.028,0.057,0.047,0.051,0.061,0.231,0.235,0.242,0.215,0.267,0.261,0.239,0.264
2220,0.031,0.036,0.028,0.028,0.058,0.047,0.051,0.061,0.231,0.235,0.242,0.217,0.266,0.261,0.236,0.263
2240,0.031,0.033,0.028,0.028,0.057,0.045,0.051,0.061,0.230,0.235,0.242,0.215,0.266,0.261,0.235,0.264
2260,0.031,0.037,0.028,0.028,0.057,0.045,0.050,0.061,0.230,0.235,0.242,0.217,0.266,0.260,0.237,0.263
2280,0.031,0.033,0.028,0.030,0.058,0.046,0.049,0.061,0.229,0.234,0.242,0.219,0.267,0.261,0.236,0.264
2300,0.031,0.033,0.028,0.028,0.058,0.046,0.051,0.061,0.231,0.235,0.243,0.221,0.266,0.260,0.236,0.263
2320,0.031,0.033,0.029,0.030,0.057,0.046,0.050,0.061,0.230,0.235,0.242,0.222,0.265,0.260,0.235,0.263
2340,0.034,0.033,0.029,0.028,0.057,0.046,0.052,0.061,0.232,0.237,0.244,0.222,0.266,0.260,0.235,0.263
2360,0.031,0.033,0.029,0.029,0.058,0.045,0.050,0.061,0.233,0.239,0.246,0.223,0.265,0.260,0.236,0.263
2380,0.031,0.039,0.028,0.028,0.057,0.046,0.049,0.061,0.235,0.240,0.248,0.226,0.266,0.260,0.238,0.264
2400,0.032,0.033,0.028,0.028,0.057,0.046,0.049,0.061,0.236,0.241,0.249,0.225,0.266,0.260,0.235,0.264
2420,0.032,0.033,0.029,0.028,0.057,0.047,0.050,0.061,0.237,0.242,0.251,0.227,0.266,0.259,0.236,0.262
2440,0.032,0.033,0.029,0.029,0.057,0.045,0.050,0.060,0.238,0.243,0.252,0.229,0.265,0.259,0.234,0.263
2460,0.031,0.033,0.028,0.029,0.057,0.046,0.050,0.060,0.239,0.244,0.253,0.229,0.266,0.261,0.234,0.267
2480,0.032,0.033,0.028,0.030,0.057,0.045,0.050,0.060,0.240,0.245,0.254,0.231,0.267,0.263,0.236,0.268
2500,0.031,0.033,0.029,0.029,0.057,0.047,0.051,0.060,0.241,0.246,0.256,0.230,0.271,0.265,0.238,0.271
2520,0.032,0.034,0.028,0.028,0.057,0.046,0.049,0.060,0.243,0.248,0.258,0.232,0.272,0.266,0.242,0.271
2540,0.031,0.034,0.028,0.029,0.057,0.047,0.052,0.060,0.244,0.248,0.258,0.229,0.272,0.266,0.242,0.272
2560,0.032,0.034,0.029,0.030,0.057,0.047,0.051,0.060,0.245,0.250,0.260,0.229,0.273,0.266,0.241,0.273
2580,0.032,0.034,0.028,0.029,0.057,0.045,0.048,0.060,0.246,0.250,0.261,0.229,0.272,0.267,0.241,0.273
2600,0.031,0.034,0.033,0.028,0.057,0.046,0.050,0.060,0.247,0.251,0.263,0.230,0.273,0.267,0.245,0.273
2620,0.031,0.034,0.029,0.029,0.057,0.046,0.051,0.060,0.246,0.250,0.264,0.227,0.276,0.270,0.245,0.276
2640,0.031,0.034,0.029,0.028,0.057,0.048,0.051,0.060,0.247,0.251,0.264,0.227,0.276,0.271,0.246,0.276
2660,0.032,0.034,0.029,0.028,0.057,0.048,0.051,0.060,0.246,0.250,0.265,0.227,0.276,0.270,0.246,0.276
2680,0.031,0.034,0.031,0.028,0.057,0.046,0.049,0.060,0.246,0.250,0.264,0.226,0.278,0.271,0.247,0.278
2700,0.032,0.034,0.030,0.029,0.057,0.045,0.049,0.060,0.245,0.249,0.263,0.225,0.278,0.272,0.249,0.279
2720,0.031,0.050,0.028,0.028,0.057,0.045,0.048,0.060,0.245,0.249,0.264,0.225,0.280,0.274,0.252,0.281
2740,0.033,0.034,0.028,0.029,0.057,0.048,0.051,0.059,0.245,0.248,0.264,0.225,0.282,0.276,0.252,0.282
2760,0.032,0.034,0.028,0.030,0.057,0.044,0.048,0.059,0.243,0.247,0.263,0.223,0.283,0.277,0.253,0.283
2780,0.032,0.034,0.028,0.028,0.057,0.046,0.050,0.059,0.243,0.246,0.263,0.223,0.283,0.276,0.253,0.284
2800,0.032,0.035,0.029,0.029,0.057,0.045,0.049,0.059,0.244,0.247,0.262,0.224,0.285,0.279,0.254,0.285
2820,0.032,0.034,0.028,0.029,0.057,0.047,0.051,0.060,0.243,0.246,0.262,0.222,0.284,0.278,0.256,0.285
2840,0.033,0.035,0.029,0.029,0.057,0.045,0.049,0.059,0.242,0.246,0.262,0.222,0.285,0.279,0.256,0.286
2860,0.032,0.034,0.029,0.029,0.057,0.044,0.049,0.059,0.240,0.244,0.260,0.220,0.286,0.279,0.255,0.286
2880,0.031,0.034,0.028,0.028,0.057,0.046,0.050,0.059,0.241,0.244,0.260,0.221,0.286,0.279,0.259,0.286
2900,0.033,0.034,0.029,0.028,0.057,0.046,0.049,0.059,0.240,0.244,0.261,0.220,0.286,0.279,0.256,0.286
2920,0.032,0.034,0.029,0.029,0.057,0.046,0.050,0.059,0.239,0.243,0.260,0.219,0.284,0.277,0.256,0.283
2940,0.034,0.034,0.029,0.031,0.057,0.046,0.051,0.059,0.239,0.243,0.260,0.219,0.284,0.277,0.256,0.284
2960,0.033,0.035,0.029,0.029,0.057,0.047,0.052,0.059,0.238,0.242,0.259,0.219,0.283,0.276,0.257,0.282
2980,0.031,0.035,0.028,0.030,0.057,0.046,0.049,0.059,0.239,0.242,0.259,0.219,0.283,0.276,0.255,0.284
3000,0.032,0.034,0.028,0.030,0.057,0.045,0.048,0.059,0.238,0.241,0.258,0.217,0.284,0.276,0.257,0.284
3020,0.032,0.034,0.029,0.033,0.057,0.044,0.048,0.059,0.237,0.240,0.257,0.217,0.282,0.275,0.255,0.283
3040,0.033,0.035,0.029,0.028,0.057,0.046,0.051,0.059,0.236,0.240,0.257,0.215,0.281,0.274,0.254,0.281
3060,0.034,0.035,0.030,0.029,0.057,0.044,0.050,0.059,0.237,0.240,0.257,0.215,0.281,0.273,0.254,0.281
3080,0.034,0.034,0.029,0.028,0.057,0.045,0.050,0.059,0.237,0.240,0.257,0.215,0.280,0.274,0.252,0.281
3100,0.034,0.034,0.029,0.028,0.057,0.046,0.049,0.059,0.236,0.239,0.257,0.215,0.279,0.272,0.253,0.280
3120,0.032,0.035,0.028,0.028,0.057,0.045,0.049,0.059,0.235,0.239,0.256,0.214,0.279,0.272,0.253,0.280
3140,0.033,0.034,0.030,0.030,0.057,0.043,0.046,0.059,0.235,0.238,0.256,0.214,0.280,0.272,0.255,0.279
3160,0.031,0.034,0.029,0.028,0.056,0.045,0.050,0.059,0.234,0.237,0.256,0.213,0.279,0.272,0.252,0.279
3180,0.033,0.034,0.029,0.032,0.057,0.045,0.050,0.059,0.234,0.238,0.256,0.214,0.279,0.271,0.252,0.278
3200,0.032,0.035,0.028,0.029,0.057,0.044,0.048,0.059,0.234,0.237,0.254,0.212,0.276,0.269,0.250,0.276
3220,0.032,0.034,0.028,0.030,0.057,0.046,0.050,0.059,0.233,0.237,0.256,0.211,0.276,0.269,0.251,0.276
3240,0.034,0.034,0.028,0.028,0.057,0.044,0.048,0.059,0.232,0.236,0.255,0.211,0.276,0.269,0.250,0.276
3260,0.032,0.035,0.029,0.029,0.057,0.045,0.050,0.059,0.232,0.235,0.254,0.210,0.276,0.268,0.249,0.276
3280,0.035,0.036,0.029,0.028,0.056,0.047,0.051,0.059,0.232,0.235,0.255,0.211,0.276,0.269,0.250,0.277
3300,0.033,0.035,0.029,0.028,0.057,0.044,0.047,0.059,0.231,0.235,0.254,0.209,0.275,0.267,0.250,0.276
3320,0.034,0.035,0.028,0.028,0.056,0.044,0.047,0.059,0.232,0.235,0.255,0.210,0.275,0.268,0.251,0.276
3340,0.035,0.036,0.033,0.029,0.056,0.045,0.049,0.059,0.230,0.233,0.253,0.209,0.273,0.265,0.248,0.273
3360,0.034,0.036,0.029,0.028,0.056,0.045,0.048,0.059,0.230,0.233,0.254,0.208,0.272,0.265,0.247,0.273
3380,0.033,0.035,0.029,0.028,0.056,0.045,0.049,0.058,0.230,0.233,0.254,0.209,0.272,0.264,0.248,0.273
3400,0.032,0.045,0.032,0.028,0.057,0.045,0.050,0.058,0.229,0.232,0.254,0.208,0.272,0.264,0.249,0.273
3420,0.033,0.054,0.029,0.028,0.056,0.044,0.048,0.058,0.228,0.232,0.253,0.209,0.271,0.263,0.246,0.272
3440,0.032,0.035,0.029,0.028,0.056,0.044,0.047,0.059,0.229,0.232,0.255,0.209,0.272,0.264,0.248,0.274
3460,0.031,0.036,0.029,0.030,0.056,0.043,0.048,0.059,0.228,0.231,0.254,0.208,0.272,0.264,0.247,0.273
3480,0.034,0.036,0.029,0.029,0.056,0.045,0.049,0.058,0.228,0.231,0.254,0.207,0.271,0.263,0.248,0.272
3500,0.034,0.036,0.029,0.029,0.056,0.044,0.049,0.058,0.227,0.230,0.254,0.206,0.269,0.262,0.247,0.271
3520,0.034,0.036,0.029,0.029,0.056,0.045,0.050,0.058,0.227,0.229,0.252,0.207,0.268,0.261,0.245,0.269
3540,0.032,0.036,0.029,0.029,0.056,0.044,0.048,0.058,0.227,0.230,0.254,0.207,0.269,0.260,0.244,0.271
3560,0.034,0.046,0.029,0.029,0.056,0.045,0.048,0.058,0.227,0.229,0.254,0.207,0.268,0.261,0.245,0.271
3580,0.034,0.036,0.029,0.029,0.056,0.045,0.048,0.058,0.226,0.229,0.254,0.207,0.268,0.261,0.245,0.271
3600,0.034,0.036,0.029,0.029,0.056,0.043,0.048,0.058,0.226,0.229,0.254,0.206,0.268,0.260,0.246,0.271
3620,0.032,0.036,0.030,0.029,0.056,0.044,0.048,0.058,0.226,0.228,0.254,0.206,0.268,0.261,0.246,0.271
3640,0.033,0.036,0.029,0.029,0.056,0.044,0.047,0.058,0.225,0.228,0.254,0.206,0.267,0.260,0.245,0.270
3660,0.033,0.036,0.030,0.031,0.056,0.043,0.047,0.058,0.226,0.228,0.255,0.207,0.266,0.259,0.243,0.269
3680,0.033,0.036,0.031,0.029,0.056,0.043,0.047,0.058,0.226,0.228,0.255,0.207,0.267,0.259,0.243,0.270
3700,0.032,0.036,0.029,0.029,0.056,0.043,0.048,0.058,0.225,0.227,0.254,0.206,0.265,0.258,0.242,0.267
3720,0.034,0.036,0.030,0.029,0.056,0.043,0.046,0.058,0.225,0.227,0.255,0.205,0.265,0.257,0.243,0.268
3740,0.033,0.037,0.030,0.029,0.056,0.044,0.049,0.058,0.225,0.227,0.255,0.206,0.265,0.257,0.242,0.268
3760,0.033,0.037,0.030,0.029,0.056,0.043,0.047,0.058,0.226,0.228,0.256,0.206,0.265,0.257,0.244,0.269
3780,0.033,0.037,0.030,0.032,0.056,0.044,0.047,0.058,0.226,0.228,0.256,0.206,0.265,0.258,0.245,0.269
3800,0.032,0.036,0.029,0.029,0.056,0.044,0.048,0.058,0.226,0.228,0.257,0.206,0.265,0.258,0.245,0.269
3820,0.033,0.037,0.030,0.029,0.056,0.046,0.051,0.058,0.226,0.228,0.258,0.206,0.264,0.257,0.243,0.267
3840,0.033,0.037,0.031,0.032,0.056,0.043,0.048,0.058,0.226,0.229,0.258,0.206,0.264,0.256,0.241,0.268
3860,0.034,0.038,0.030,0.029,0.056,0.044,0.048,0.058,0.226,0.228,0.258,0.205,0.263,0.255,0.243,0.267
3880,0.033,0.037,0.030,0.030,0.056,0.043,0.048,0.058,0.226,0.228,0.258,0.205,0.263,0.256,0.241,0.267
3900,0.033,0.037,0.030,0.030,0.056,0.043,0.048,0.058,0.226,0.228,0.259,0.206,0.263,0.255,0.241,0.268
3920,0.033,0.037,0.030,0.030,0.056,0.043,0.046,0.058,0.226,0.229,0.261,0.206,0.264,0.257,0.244,0.269
3940,0.033,0.037,0.030,0.031,0.056,0.044,0.049,0.058,0.226,0.229,0.262,0.205,0.264,0.256,0.245,0.269
3960,0.033,0.038,0.030,0.030,0.056,0.044,0.048,0.057,0.227,0.229,0.265,0.205,0.264,0.256,0.244,0.269
3980,0.033,0.038,0.030,0.030,0.056,0.042,0.047,0.058,0.226,0.229,0.268,0.205,0.264,0.256,0.245,0.269
4000,0.034,0.038,0.030,0.030,0.056,0.042,0.046,0.058,0.227,0.230,0.271,0.206,0.263,0.255,0.241,0.270
4020,0.034,0.040,0.034,0.029,0.056,0.044,0.049,0.058,0.227,0.230,0.273,0.207,0.262,0.254,0.242,0.269
4040,0.037,0.042,0.031,0.030,0.056,0.043,0.048,0.058,0.227,0.229,0.272,0.206,0.262,0.255,0.243,0.269
4060,0.033,0.038,0.030,0.030,0.056,0.043,0.047,0.058,0.228,0.231,0.276,0.205,0.263,0.255,0.243,0.270
4080,0.035,0.038,0.030,0.031,0.056,0.043,0.048,0.058,0.228,0.231,0.277,0.206,0.263,0.255,0.242,0.271
4100,0.034,0.038,0.030,0.030,0.056,0.043,0.047,0.058,0.228,0.231,0.279,0.206,0.264,0.256,0.246,0.272
4120,0.032,0.038,0.030,0.030,0.056,0.041,0.046,0.058,0.229,0.231,0.281,0.206,0.264,0.256,0.246,0.272
4140,0.033,0.038,0.031,0.030,0.056,0.043,0.046,0.058,0.228,0.231,0.283,0.206,0.264,0.256,0.244,0.272
4160,0.032,0.038,0.030,0.030,0.055,0.043,0.046,0.058,0.229,0.232,0.285,0.205,0.264,0.257,0.246,0.273
4180,0.036,0.038,0.031,0.030,0.056,0.042,0.047,0.058,0.229,0.232,0.287,0.205,0.264,0.257,0.245,0.274
4200,0.035,0.038,0.030,0.030,0.055,0.045,0.049,0.058,0.229,0.232,0.288,0.206,0.263,0.255,0.244,0.273
4220,0.035,0.039,0.031,0.030,0.055,0.041,0.048,0.057,0.229,0.232,0.288,0.205,0.263,0.255,0.244,0.274
4240,0.034,0.038,0.030,0.033,0.055,0.043,0.047,0.058,0.228,0.232,0.288,0.206,0.264,0.256,0.244,0.274
4260,0.033,0.038,0.031,0.030,0.055,0.042,0.047,0.058,0.228,0.232,0.289,0.206,0.264,0.256,0.243,0.275
4280,0.034,0.038,0.031,0.030,0.055,0.043,0.047,0.057,0.228,0.232,0.289,0.204,0.264,0.256,0.243,0.275
4300,0.033,0.039,0.032,0.033,0.056,0.043,0.046,0.058,0.228,0.232,0.291,0.204,0.265,0.257,0.248,0.280